model,vram_before_mb,vram_after_mb,cold_start_sec,warm_start_sec,tokens_per_sec
gpt-oss:20b,4287,4287,13.1457877,10.8553054,1.81
llama3,517,4901,14.380146,2.5265115,8.38
llama3,4909,4909,3.5675811,2.904842,6.97
llama3,4909,4909,2.8971149,2.8820537,8.07
gpt-oss:20b,4909,4713,75.4888697,21.1890251,1.8
gpt-oss:20b,4761,4761,19.0306307,10.2039061,1.9
gpt-oss:20b,4771,4771,18.2242677,22.6581211,1.86
